Chromosome	Start	End	Name	GUIDE-seq Reads	Strand	Cells	Treatment	Targetsite	Target Sequence	Off-Target Sequence	Mismatches (pre-SNP correction)
chr22	36952994	36953017	SpCas9-HF1_FANCF-2_chr22_36953001_3809	3809	-	U2OS	SpCas9-HF1	FANCF-2	GCTGCAGAAGGGATTCCATGNGG	GCTGCAGAAGGGATTCCAAGGGG	1
chr5	136822511	136822534	wild-type_EMX1-2_chr5_136822517_2081	2081	-	U2OS	wild-type	EMX1-2	GTCACCTCCAATGACTAGGGNGG	ATCACTTCCAATGACTAAGACGG	4
chr1	187444965	187444988	wild-type_EMX1-2_chr1_187444971_667	667	-	U2OS	wild-type	EMX1-2	GTCACCTCCAATGACTAGGGNGG	GCTACCTCCAGTGACTAGGGAAG	5
chr18	46238494	46238517	wild-type_EMX1-2_chr18_46238500_241	241	-	U2OS	wild-type	EMX1-2	GTCACCTCCAATGACTAGGGNGG	ACAACCCCCAATGACCAGGGAGG	5
chr17	71137097	71137120	wild-type_EMX1-2_chr17_71137105_117	117	-	U2OS	wild-type	EMX1-2	GTCACCTCCAATGACTAGGGNGG	GTCACCTGTAATGACTAGGGAGA	3
chr5	56336642	56336665	wild-type_EMX1-2_chr5_56336649_114	114	-	U2OS	wild-type	EMX1-2	GTCACCTCCAATGACTAGGGNGG	CCTACCTCCAATGACTAGAGAAG	5
chr2	157294615	157294638	wild-type_EMX1-2_chr2_157294633_40	40	+	U2OS	wild-type	EMX1-2	GTCACCTCCAATGACTAGGGNGG	GTGACCTCCAATGCCTAGAGGGG	3
chr3	120211148	120211171	wild-type_EMX1-2_chr3_120211154_35	35	-	U2OS	wild-type	EMX1-2	GTCACCTCCAATGACTAGGGNGG	TTTTCCTCCAATGACCAGGGAGG	5
chr20	29595726	29595749	wild-type_EMX1-2_chr20_29595744_16	16	+	U2OS	wild-type	EMX1-2	GTCACCTCCAATGACTAGGGNGG	AGCACCTCCAATGACCAGGTGTG	6
chr8	125654563	125654586	wild-type_EMX1-2_chr8_125654577_12	12	+	U2OS	wild-type	EMX1-2	GTCACCTCCAATGACTAGGGNGG	GACACACCCAAAGACTAGGGAGG	4
chr12	127009143	127009166	wild-type_EMX1-2_chr12_127009149_6	6	-	U2OS	wild-type	EMX1-2	GTCACCTCCAATGACTAGGGNGG	GCCATCTCCACTGACTAGGGGGA	4
chr22	36952994	36953017	wild-type_FANCF-2_chr22_36953001_3115	3115	-	U2OS	wild-type	FANCF-2	GCTGCAGAAGGGATTCCATGNGG	GCTGCAGAAGGGATTCCAAGGGG	1
chr6	27732621	27732644	wild-type_FANCF-2_chr6_27732628_1243	1243	-	U2OS	wild-type	FANCF-2	GCTGCAGAAGGGATTCCATGNGG	GACGCAGAAGGGACTCCATGGGG	4
chr17	57498745	57498768	wild-type_FANCF-2_chr17_57498752_888	888	-	U2OS	wild-type	FANCF-2	GCTGCAGAAGGGATTCCATGNGG	GGTACAGAAGGGCTTCCATGAGG	3
chr3	15211550	15211573	wild-type_FANCF-2_chr3_15211568_848	848	+	U2OS	wild-type	FANCF-2	GCTGCAGAAGGGATTCCATGNGG	GCTGCAAAAAGGATTCCAGGGGG	3
chr1	74228695	74228718	wild-type_FANCF-2_chr1_74228712_695	695	+	U2OS	wild-type	FANCF-2	GCTGCAGAAGGGATTCCATGNGG	ACTGCAAAATGGATTCCATGGGG	3
chr11	43946403	43946426	wild-type_FANCF-2_chr11_43946422_549	549	+	U2OS	wild-type	FANCF-2	GCTGCAGAAGGGATTCCATGNGG	GCTGGAGGAAGGATTCCATGGGG	3
chr11	66609702	66609725	wild-type_FANCF-2_chr11_66609709_158	158	-	U2OS	wild-type	FANCF-2	GCTGCAGAAGGGATTCCATGNGG	TGTGAAGAAGGGTTTCCATGAGG	4
chr20	43957288	43957311	wild-type_FANCF-2_chr20_43957292_152	152	-	U2OS	wild-type	FANCF-2	GCTGCAGAAGGGATTCCATGNGG	GCCACAGAAGGGATTCTATGAAG	4
chr3	65846354	65846377	wild-type_FANCF-2_chr3_65846371_148	148	+	U2OS	wild-type	FANCF-2	GCTGCAGAAGGGATTCCATGNGG	GCTGCTGAACAGATTCCATGGGG	3
chr2	104988009	104988032	wild-type_FANCF-2_chr2_104988025_145	145	+	U2OS	wild-type	FANCF-2	GCTGCAGAAGGGATTCCATGNGG	GCTGCTGAAAGGATTCTATGGGG	3
chr8	125220703	125220726	wild-type_FANCF-2_chr8_125220720_111	111	+	U2OS	wild-type	FANCF-2	GCTGCAGAAGGGATTCCATGNGG	CAAGCAGAAGGGATTCCACAAGG	5
chr7	2640768	2640791	wild-type_FANCF-2_chr7_2640775_33	33	-	U2OS	wild-type	FANCF-2	GCTGCAGAAGGGATTCCATGNGG	TGTGCAGAAGGGACTCCATTAGG	4
chr7	29368647	29368670	wild-type_FANCF-2_chr7_29368654_33	33	-	U2OS	wild-type	FANCF-2	GCTGCAGAAGGGATTCCATGNGG	ACTGCTAAAAGGATTCCATGTGG	4
chr2	189157515	189157538	wild-type_FANCF-2_chr2_189157522_30	30	-	U2OS	wild-type	FANCF-2	GCTGCAGAAGGGATTCCATGNGG	GCAGCAGAAGGGTAACCATGTGG	4
chr11	75614687	75614710	wild-type_FANCF-2_chr11_75614693_26	26	-	U2OS	wild-type	FANCF-2	GCTGCAGAAGGGATTCCATGNGG	GCTGCAGTAAAGATTCCATCTGG	4
chr16	84517406	84517429	wild-type_FANCF-2_chr16_84517423_25	25	+	U2OS	wild-type	FANCF-2	GCTGCAGAAGGGATTCCATGNGG	CATGGAGAAGGGATCCCATGAGG	4
chr1	219492749	219492772	wild-type_FANCF-2_chr1_219492768_22	22	+	U2OS	wild-type	FANCF-2	GCTGCAGAAGGGATTCCATGNGG	ACTGCTGAGAGGATTCCATGAGG	4
chr6	4223819	4223842	wild-type_FANCF-2_chr6_4223826_20	20	-	U2OS	wild-type	FANCF-2	GCTGCAGAAGGGATTCCATGNGG	GCTCCAGGAGGGACTCCATGTGG	3
chr8	118919330	118919353	wild-type_FANCF-2_chr8_118919340_20	20	-	U2OS	wild-type	FANCF-2	GCTGCAGAAGGGATTCCATGNGG	AAGGAAGAAGGGATACCTTGAGG	6
chr2	48616199	48616222	wild-type_FANCF-2_chr2_48616217_6	6	+	U2OS	wild-type	FANCF-2	GCTGCAGAAGGGATTCCATGNGG	GCTGAAGAAGAGATTCCAGGAGG	3
chr1	61919760	61919783	wild-type_FANCF-2_chr1_61919767_5	5	-	U2OS	wild-type	FANCF-2	GCTGCAGAAGGGATTCCATGNGG	CCTGTGGAAGAGATTCCATTAGG	5
chr2	102687079	102687102	wild-type_FANCF-2_chr2_102687086_5	5	-	U2OS	wild-type	FANCF-2	GCTGCAGAAGGGATTCCATGNGG	GAAGCAGAAAGAATTCCATGGGG	5
chr7	30517758	30517781	wild-type_FANCF-2_chr7_30517775_5	5	+	U2OS	wild-type	FANCF-2	GCTGCAGAAGGGATTCCATGNGG	TCTGCAGGCGGGACTCCATGAAG	5
chr3	21753305	21753328	wild-type_FANCF-2_chr3_21753321_4	4	+	U2OS	wild-type	FANCF-2	GCTGCAGAAGGGATTCCATGNGG	ACTGAGGTAGGAATTCCATCTGG	6
chr3	63221339	63221362	wild-type_FANCF-2_chr3_63221348_4	4	-	U2OS	wild-type	FANCF-2	GCTGCAGAAGGGATTCCATGNGG	GGTACAGAAGGGAGTCCATGGGG	3
chr8	128941226	128941249	wild-type_FANCF-3_chr8_128941243_804	804	+	U2OS	wild-type	FANCF-3	GGCGGCTGCACAACCAGTGGNGG	TGCGGCTGCACAGCCAGTGGGAG	3
chr19	3511567	3511590	wild-type_FANCF-3_chr19_3511584_94	94	+	U2OS	wild-type	FANCF-3	GGCGGCTGCACAACCAGTGGNGG	ATAGGCTGCACACCCAGTGGGGG	4
chr14	100803681	100803704	wild-type_FANCF-3_chr14_100803699_80	80	+	U2OS	wild-type	FANCF-3	GGCGGCTGCACAACCAGTGGNGG	TGGGGGCGCACAGCCAGTGGGGG	5
chr20	40139036	40139059	wild-type_FANCF-3_chr20_40139042_30	30	-	U2OS	wild-type	FANCF-3	GGCGGCTGCACAACCAGTGGNGG	GCAGGCTACACAACCAGTGAGGG	5
chr19	18538867	18538890	wild-type_FANCF-3_chr19_18538883_27	27	+	U2OS	wild-type	FANCF-3	GGCGGCTGCACAACCAGTGGNGG	GGGGGCTGCACAGCCAGAGGAGG	3
chr22	46927542	46927565	wild-type_FANCF-3_chr22_46927548_20	20	-	U2OS	wild-type	FANCF-3	GGCGGCTGCACAACCAGTGGNGG	CAGGACTGCACAGCCAGTGGGGG	5
chr8	128954663	128954686	wild-type_FANCF-3_chr8_128954681_17	17	+	U2OS	wild-type	FANCF-3	GGCGGCTGCACAACCAGTGGNGG	GGCAACTACACAGCCAGTGGTGG	4
chr4	4841038	4841061	wild-type_FANCF-3_chr4_4841044_11	11	-	U2OS	wild-type	FANCF-3	GGCGGCTGCACAACCAGTGGNGG	GCAGGCTGCACAGCCAGGGGCGG	5
chr14	97265074	97265097	wild-type_RUNX1-1_chr14_97265091_2670	2670	+	U2OS	wild-type	RUNX1-1	GCATTTTCAGGAGGAAGCGANGG	GCATTTTCAGAAGGAAGCAAGGG	2
chr6	36756956	36756979	wild-type_RUNX1-1_chr6_36756974_2	2	+	U2OS	wild-type	RUNX1-1	GCATTTTCAGGAGGAAGCGANGG	ACAATCTCAGGAGGAAGGGAGGG	4
chr19	44418221	44418244	wild-type_ZSCAN2_chr19_44418227_1635	1635	-	U2OS	wild-type	ZSCAN2	GTGCGGCAAGAGCTTCAGCCNGG	GTGTGGCAAGGGCTTCAGCCAGG	2
chr6	72320364	72320387	wild-type_ZSCAN2_chr6_72320381_797	797	+	U2OS	wild-type	ZSCAN2	GTGCGGCAAGAGCTTCAGCCNGG	GTGAGGGAAGAGCTTCAGCAAGG	3
chr12	123836949	123836972	wild-type_ZSCAN2_chr12_123836955_160	160	-	U2OS	wild-type	ZSCAN2	GTGCGGCAAGAGCTTCAGCCNGG	GTGAGGCAGGAGCATCAGCCCGG	3
chr18	74051758	74051781	wild-type_ZSCAN2_chr18_74051765_23	23	-	U2OS	wild-type	ZSCAN2	GTGCGGCAAGAGCTTCAGCCNGG	GTGGGGCAAGAGGTTCAGCCTGG	2
chr15	28094828	28094851	wild-type_ZSCAN2_chr15_28094840_15	15	+	U2OS	wild-type	ZSCAN2	GTGCGGCAAGAGCTTCAGCCNGG	ATGGGGAAAGAGCTTCAGCCTGG	3
chr7	99227393	99227416	wild-type_ZSCAN2_chr7_99227411_6	6	+	U2OS	wild-type	ZSCAN2	GTGCGGCAAGAGCTTCAGCCNGG	GTGTGGCAAGAGCTTCAGCAGGA	3
chr1	43317144	43317167	wild-type_ZSCAN2_chr1_43317160_3	3	+	U2OS	wild-type	ZSCAN2	GTGCGGCAAGAGCTTCAGCCNGG	CTGTGGCAAGAGCTTCAGCCAGA	3
chr16	30794156	30794179	wild-type_ZSCAN2_chr16_30794164_2	2	-	U2OS	wild-type	ZSCAN2	GTGCGGCAAGAGCTTCAGCCNGG	GTGCGGCAAGAGCTTCAGCCAGA	1
